id,label,class,pr
水岱,水岱,狄云,0.7977620831544401
水笙,水笙,狄云,2.0360371193686824
鲁坤,鲁坤,狄云,0.741468050716196
鱼贩头子,鱼贩头子,狄云,0.1647945146484302
血刀老祖,血刀老祖,狄云,0.8412192213885631
空心菜,空心菜,狄云,0.6404590482072932
凌退思,凌退思,狄云,0.5489774236117426
陆天抒,陆天抒,狄云,0.4843065652077062
水福,水福,狄云,0.1647945146484302
沈城,沈城,狄云,0.7477188526564287
菊友,菊友,狄云,0.17918541464478624
冯坦,冯坦,狄云,0.5214939052898743
万震山,万震山,狄云,2.1710626630060728
孙均,孙均,狄云,0.6592343258655049
言达平,言达平,狄云,0.9032854327427144
吴坎,吴坎,狄云,1.1965741810785213
狄云,狄云,狄云,5.205637695683047
卜垣,卜垣,狄云,0.8367367975564676
马大鸣,马大鸣,狄云,0.4053509832462059
梅念笙,梅念笙,狄云,0.24948272697006946
戚芳,戚芳,狄云,1.968484273325338
花铁干,花铁干,狄云,1.603194857956522
戚长发,戚长发,狄云,0.9026716489510798
汪啸风,汪啸风,狄云,0.6087639825462954
丁典,丁典,狄云,1.2906709700595766
刘乘风,刘乘风,狄云,0.4810658408360975
万圭,万圭,狄云,2.02231965439258
周圻,周圻,狄云,0.6830207577864581
凌霜华,凌霜华,狄云,0.16455686546458825
宝象和尚,宝象和尚,狄云,0.16611261027715638
林远图,林远图,令狐冲,0.40016352200822236
葛长老,葛长老,令狐冲,0.3242401025414445
林震南,林震南,令狐冲,1.6158787482755506
桃叶仙,桃叶仙,令狐冲,1.3416156236208636
宁中则,宁中则,令狐冲,0.2650157758994384
桃实仙,桃实仙,令狐冲,1.5071205685457327
聋哑婆婆,聋哑婆婆,令狐冲,0.19805980670384438
桃干仙,桃干仙,令狐冲,1.803965535147255
桃枝仙,桃枝仙,令狐冲,1.9606111061423979
桃根仙,桃根仙,令狐冲,2.091889759821737
桃花仙,桃花仙,令狐冲,1.7805919514375292
丁坚,丁坚,令狐冲,0.43882596399700824
白熊,白熊,令狐冲,0.425239696242359
老头子,老头子,令狐冲,2.444151780172988
玉磬子,玉磬子,令狐冲,0.5248273350210063
钟镇,钟镇,令狐冲,0.6226015546735385
丹青生,丹青生,令狐冲,1.2377837712753168
定逸,定逸,令狐冲,2.685480425839935
定静师太,定静师太,令狐冲,0.7668505785105819
室里,室里,令狐冲,0.3775097429795861
仪清,仪清,令狐冲,1.5163837639952222
黄钟公,黄钟公,令狐冲,0.9743907121522686
王元霸,王元霸,令狐冲,0.8628299427158718
狄修,狄修,令狐冲,0.24539437754017443
祖千秋,祖千秋,令狐冲,1.672403754796904
仪琳,仪琳,令狐冲,3.9436944850649187
封不平,封不平,令狐冲,0.669781355531924
史登达,史登达,令狐冲,0.5018428341373127
王家驹,王家驹,令狐冲,0.4157596913133065
罗人杰,罗人杰,令狐冲,0.6573248817400612
王家骏,王家骏,令狐冲,0.3081536906689869
任我行,任我行,令狐冲,3.2009755565334115
秃笔翁,秃笔翁,令狐冲,0.9863618158747549
鲁连荣,鲁连荣,令狐冲,0.22260613420206243
岳不群,岳不群,令狐冲,7.559143439280183
万大平,万大平,令狐冲,0.24666463885260903
鲍大楚,鲍大楚,令狐冲,0.6776550591868511
岳灵珊,岳灵珊,令狐冲,4.763949350983337
郑萼,郑萼,令狐冲,0.9176326497315223
仪和,仪和,令狐冲,1.8366508667317214
英白罗,英白罗,令狐冲,0.34046797509071125
左冷禅,左冷禅,令狐冲,3.215023324746684
绿竹翁,绿竹翁,令狐冲,0.7394251485729963
王诚,王诚,令狐冲,0.24060482357070975
玉钟子,玉钟子,令狐冲,0.16362814161420222
高克新,高克新,令狐冲,0.40652569464427923
玉音子,玉音子,令狐冲,0.4833442182278658
司马大,司马大,令狐冲,0.3173322593954448
胖商人,胖商人,令狐冲,0.29412381138996335
震山子,震山子,令狐冲,0.2667279535989865
乐厚,乐厚,令狐冲,0.3238672520745686
平一指,平一指,令狐冲,0.7427366097561283
吉人通,吉人通,令狐冲,0.27987919568163444
邓八公,邓八公,令狐冲,0.3421074419072837
平夫人,平夫人,令狐冲,0.20270978455205962
陶钧,陶钧,令狐冲,0.3103335984388785
向大年,向大年,令狐冲,0.457713017405014
向问天,向问天,令狐冲,2.8729548660885014
何三七,何三七,令狐冲,0.4371796995992454
王二叔,王二叔,令狐冲,0.17967517525884452
辛国梁,辛国梁,令狐冲,0.5156412711665782
英颚,英颚,令狐冲,0.19657113823505168
吴天德,吴天德,令狐冲,0.19644080109273715
梁发,梁发,令狐冲,0.5195143262111821
建除,建除,令狐冲,0.27934885834884216
游迅,游迅,令狐冲,0.8087543692492989
吴柏英,吴柏英,令狐冲,0.23306919892928307
于人豪,于人豪,令狐冲,0.5736133892767609
玉玑子,玉玑子,令狐冲,0.6108098802934947
陈歪嘴,陈歪嘴,令狐冲,0.1980349636597532
余人彦,余人彦,令狐冲,0.32694644787289684
张夫人,张夫人,令狐冲,0.7523884566657502
余沧海,余沧海,令狐冲,3.003974270348161
于嫂,于嫂,令狐冲,0.6162371803948272
不戒和尚,不戒和尚,令狐冲,1.053134097344218
周孤桐,周孤桐,令狐冲,0.23306919892928307
侯人英,侯人英,令狐冲,0.39495139654252276
田伯光,田伯光,令狐冲,2.9279334109622437
贾布,贾布,令狐冲,0.41896726061012257
贾人达,贾人达,令狐冲,0.37300637291679994
米为义,米为义,令狐冲,0.38529421672088326
洪人雄,洪人雄,令狐冲,0.5225467904736384
费彬,费彬,令狐冲,0.9291226307272114
申人俊,申人俊,令狐冲,0.2846538999272009
哑婆婆,哑婆婆,令狐冲,0.36870871868529154
狄镖头,狄镖头,令狐冲,0.17241470259773806
黄国柏,黄国柏,令狐冲,0.31847919089698373
谭迪人,谭迪人,令狐冲,0.20653446692541727
成不忧,成不忧,令狐冲,0.46509083772080395
黄伯流,黄伯流,令狐冲,0.5307478627804617
瘦商人,瘦商人,令狐冲,0.2769728210038041
陆大有,陆大有,令狐冲,1.6827194073469691
王仲强,王仲强,令狐冲,0.42822703347024793
成高道人,成高道人,令狐冲,0.15923190373899332
麻衣汉子,麻衣汉子,令狐冲,0.1791015403374467
陆伯,陆伯,令狐冲,0.16238222915225956
任盈盈,任盈盈,令狐冲,0.207954208203538
冲虚,冲虚,令狐冲,2.3004815150890066
冲虚道长,冲虚道长,令狐冲,1.0604595696805736
计无施,计无施,令狐冲,1.0763991913116997
黑白子,黑白子,令狐冲,1.3601823279839536
黑熊,黑熊,令狐冲,0.41151610747317835
丛不弃,丛不弃,令狐冲,0.22970121216854397
解风,解风,令狐冲,0.3182595540122688
夏老拳师,夏老拳师,令狐冲,0.20049519346628203
丁勉,丁勉,令狐冲,0.6769372328783354
玉灵道人,玉灵道人,令狐冲,0.5336070707709903
觉月,觉月,令狐冲,0.4080540022858775
方人智,方人智,令狐冲,0.612085853518784
东方不败,东方不败,令狐冲,2.2130208906433424
沙天江,沙天江,令狐冲,0.25501894640058875
西宝,西宝,令狐冲,0.1930227477978565
方生,方生,令狐冲,0.7268507930991287
天乙道人,天乙道人,令狐冲,0.17697196657401662
方证,方证,令狐冲,2.655903762921508
施令威,施令威,令狐冲,0.3747028077026192
天松道人,天松道人,令狐冲,0.30563456989051235
施戴子,施戴子,令狐冲,0.6967930314788131
王伯奋,王伯奋,令狐冲,0.4560921089883845
天门道人,天门道人,令狐冲,1.3757578539758724
高明根,高明根,令狐冲,0.2126874562554426
易国梓,易国梓,令狐冲,0.36950081529885503
令狐冲,令狐冲,令狐冲,20.0215521628849
易堂主,易堂主,令狐冲,0.2037689824695522
易师爷,易师爷,令狐冲,0.38479916690498295
曲洋,曲洋,令狐冲,0.6020446007284297
曲非烟,曲非烟,令狐冲,0.6010939115682458
木高峰,木高峰,令狐冲,1.3814551817315337
刘正风,刘正风,令狐冲,2.461962760116236
严三星,严三星,令狐冲,0.5117976647944038
刘芹,刘芹,令狐冲,0.1727825767233726
桑三娘,桑三娘,令狐冲,0.28544377478985494
齐堂主,齐堂主,令狐冲,0.2037689824695522
刘菁,刘菁,令狐冲,0.20200634132580855
童百熊,童百熊,令狐冲,0.4658130483567827
仇松年,仇松年,令狐冲,0.7016734340702852
闻先生,闻先生,令狐冲,0.44249093744928436
莫大,莫大,令狐冲,2.2314560286342924
风清扬,风清扬,令狐冲,0.815111376899816
杜长老,杜长老,令狐冲,0.25910970962465896
上官云,上官云,令狐冲,0.967682411166493
劳德诺,劳德诺,令狐冲,2.41445358392662
蓝凤凰,蓝凤凰,令狐冲,0.6789402377892994
长青子,长青子,令狐冲,0.3679295371478537
杨莲亭,杨莲亭,令狐冲,0.7727899788118657
舒奇,舒奇,令狐冲,0.27636901702967287
卜沉,卜沉,令狐冲,0.2392404900870035
林平之,林平之,令狐冲,5.309849976861865
钱老本,钱老本,韦小宝,1.6458357057891773
逍遥子,逍遥子,韦小宝,0.6088995179933248
平威,平威,韦小宝,0.2666372397298715
卫周祚,卫周祚,韦小宝,0.22606602154110889
卢一峰,卢一峰,韦小宝,0.5844743742888312
云素梅,云素梅,韦小宝,0.1618596451516862
顾炎武,顾炎武,韦小宝,0.9902236037801656
曾柔,曾柔,韦小宝,0.9563696302840297
苏菲亚,苏菲亚,韦小宝,1.2878101723803828
海大富,海大富,韦小宝,0.17617033107576818
南怀仁,南怀仁,韦小宝,0.37338943692386906
澄识,澄识,韦小宝,0.31212736202269387
殷锦,殷锦,韦小宝,0.40051680740062146
马齐,马齐,韦小宝,0.25196291760303213
行颠,行颠,韦小宝,0.5835559593021914
贾老六,贾老六,韦小宝,0.37889358265992656
行痴,行痴,韦小宝,1.0028023735333595
苏荃,苏荃,韦小宝,0.8851033907316445
李力世,李力世,韦小宝,1.5350777871549273
徐天川,徐天川,韦小宝,3.298896446898435
卓天雄,卓天雄,韦小宝,1.0579608783302343
李式开,李式开,韦小宝,0.17322736000514932
皇太后,皇太后,韦小宝,1.2942559175782182
王潭,王潭,韦小宝,0.3186841547300878
华伯斯基,华伯斯基,韦小宝,0.400481661771414
王武通,王武通,韦小宝,0.5323198866400142
齐元凯,齐元凯,韦小宝,0.3536885639482858
黄宗羲,黄宗羲,韦小宝,0.4252083021654326
劳太监,劳太监,韦小宝,0.15608484026223296
庄允城,庄允城,韦小宝,0.36304681010865814
蕊初,蕊初,韦小宝,0.23718025523260047
庄夫人,庄夫人,韦小宝,0.32218240598028836
风际中,风际中,韦小宝,1.8084583895683373
马佑,马佑,韦小宝,0.4072435303491626
马超兴,马超兴,韦小宝,0.9580887034246135
李西华,李西华,韦小宝,0.6839070254615701
胡德第,胡德第,韦小宝,0.1642497881590118
蔡德忠,蔡德忠,韦小宝,0.2595392999732692
杜立德,杜立德,韦小宝,0.2569571106072671
元义方,元义方,韦小宝,0.43027025262775453
杨中慧,杨中慧,韦小宝,0.2191754848845755
九难,九难,韦小宝,1.4036744888560613
杨溢之,杨溢之,韦小宝,0.9020785168035133
守备,守备,韦小宝,0.45162359697970655
刘一舟,刘一舟,韦小宝,1.2233570987620779
杰书,杰书,韦小宝,0.34501207106328197
建宁公主,建宁公主,韦小宝,0.954624856116127
彭参将,彭参将,韦小宝,0.18050880860544527
凤七,凤七,韦小宝,0.22419309416548863
马博仁,马博仁,韦小宝,0.45739151144742785
林兴珠,林兴珠,韦小宝,0.9662292107113162
苏冈,苏冈,韦小宝,0.8756428340776505
净清,净清,韦小宝,0.3818211644069408
净济,净济,韦小宝,0.4501692376092197
马宝,马宝,韦小宝,0.2787475017257719
马喇,马喇,韦小宝,0.2839356745299444
路副将,路副将,韦小宝,0.1970077977623785
澄通,澄通,韦小宝,0.3518881021685023
林永超,林永超,韦小宝,0.21695890757788888
齐洛诺夫,齐洛诺夫,韦小宝,0.4192461403745873
冯锡范,冯锡范,韦小宝,1.5594576665078035
赵齐贤,赵齐贤,韦小宝,1.0139606674028876
林玉龙,林玉龙,韦小宝,1.0535410401996965
葛通,葛通,韦小宝,0.20329149156526388
赵良栋,赵良栋,韦小宝,0.8267564489837103
柳大洪,柳大洪,韦小宝,1.2781752319209405
汤若望,汤若望,韦小宝,0.45229965330206157
柳燕,柳燕,韦小宝,0.49092440034853335
心溪,心溪,韦小宝,0.3294067615386152
葛尔丹,葛尔丹,韦小宝,1.1609257900177214
多隆,多隆,韦小宝,1.1817351738539585
萧半和,萧半和,韦小宝,0.5728825664536987
程维藩,程维藩,韦小宝,0.25645210818969433
白寒枫,白寒枫,韦小宝,1.2203054148529777
阿济赤,阿济赤,韦小宝,0.31334167848481415
夏国相,夏国相,韦小宝,0.5852668533767386
白寒松,白寒松,韦小宝,0.5177502819379355
老吴,老吴,韦小宝,0.31620707842512563
温有方,温有方,韦小宝,0.4258466009090144
舒化龙,舒化龙,韦小宝,0.2208836519678163
瘦头陀,瘦头陀,韦小宝,1.0232385774502721
图海道,图海道,韦小宝,0.1914314055599693
图尔布青,图尔布青,韦小宝,0.27326088419430195
萧中慧,萧中慧,韦小宝,1.1897076082761877
菊芳,菊芳,韦小宝,0.16822723450749602
佟国纲,佟国纲,韦小宝,0.5815737636902759
罕贴摩,罕贴摩,韦小宝,0.457103067223375
澄心,澄心,韦小宝,0.5600201681459712
费要多罗,费要多罗,韦小宝,0.7512435399279155
姚春,姚春,韦小宝,0.4640735510485864
慕天颜,慕天颜,韦小宝,0.47864010172944804
胖头陀,胖头陀,韦小宝,1.884733933308281
鳌拜,鳌拜,韦小宝,2.501765660972166
茅十八,茅十八,韦小宝,1.4480306280628268
高里津,高里津,韦小宝,0.36084545022686937
陆高轩,陆高轩,韦小宝,1.4792542020474893
澄观,澄观,韦小宝,0.7709168049025207
桑结,桑结,韦小宝,1.2338582767184847
张勇,张勇,韦小宝,0.8174667288475447
澄光,澄光,韦小宝,0.916289670590365
神照上人,神照上人,韦小宝,0.18340999244148232
呼巴音,呼巴音,韦小宝,0.2936292437128395
于八,于八,韦小宝,0.2456408566136577
许雪亭,许雪亭,韦小宝,0.5198667959862855
崔瞎子,崔瞎子,韦小宝,0.2811243780883551
郑克爽,郑克爽,韦小宝,2.3857440863734736
敖彪,敖彪,韦小宝,0.6672954499220658
关安基,关安基,韦小宝,1.0233691487762713
教士,教士,韦小宝,0.580970240226246
沐剑声,沐剑声,韦小宝,1.060110047570721
周威信,周威信,韦小宝,0.7427441276805022
孙思克,孙思克,韦小宝,0.7310076307999741
盖一鸣,盖一鸣,韦小宝,0.7960360971444833
沐剑屏,沐剑屏,韦小宝,2.1632107312803073
章老三,章老三,韦小宝,0.34444417922138015
小桂子,小桂子,韦小宝,2.337074046710428
祁清彪,祁清彪,韦小宝,0.474346171554353
玉林,玉林,韦小宝,0.9050625652780147
胡逸之,胡逸之,韦小宝,0.4075396480611937
郑光芝,郑光芝,韦小宝,0.20653025832162525
方怡,方怡,韦小宝,2.2737037810265526
花剑影,花剑影,韦小宝,0.5298009860220044
吴立身,吴立身,韦小宝,1.6157034961902221
米思翰,米思翰,韦小宝,0.19041082561612832
樊纲,樊纲,韦小宝,1.296668469230936
吴应熊,吴应熊,韦小宝,2.269820474344553
西奥图三世,西奥图三世,韦小宝,0.17424274845923513
陈近南,陈近南,韦小宝,4.055828914827197
吴大鹏,吴大鹏,韦小宝,0.47598776602737625
巴泰,巴泰,韦小宝,0.3436214541566902
江百胜,江百胜,韦小宝,0.16299850128828433
施琅,施琅,韦小宝,1.6166829925546213
对喀纳,对喀纳,韦小宝,0.22606602154110889
吴六奇,吴六奇,韦小宝,1.6808130238629249
俞朝奉,俞朝奉,韦小宝,0.20024596469816608
吴之荣,吴之荣,韦小宝,1.5591127896646444
吴三桂,吴三桂,韦小宝,8.140366958586428
吕葆中,吕葆中,韦小宝,0.21812522342090457
吕留良,吕留良,韦小宝,0.7249450156359134
吕毅中,吕毅中,韦小宝,0.23736198807555103
阿尔尼,阿尔尼,韦小宝,0.2648788657483995
富春,富春,韦小宝,0.28166518839266763
任飞燕,任飞燕,韦小宝,1.03526101586894
昌齐,昌齐,韦小宝,0.20856843608598724
明珠,明珠,韦小宝,1.1170126760083352
陶红英,陶红英,韦小宝,0.5435338431247364
黄甫,黄甫,韦小宝,0.2840827307773475
雷一啸,雷一啸,韦小宝,0.3319085368764709
袁夫人,袁夫人,韦小宝,0.38002429238439284
瑞栋,瑞栋,韦小宝,0.5163140351747738
晦聪禅师,晦聪禅师,韦小宝,0.2649446645558911
司徒鹤,司徒鹤,韦小宝,0.4446598271547082
巴颜法师,巴颜法师,韦小宝,0.1593913913371927
张妈,张妈,韦小宝,0.251553908609841
太皇太后,太皇太后,韦小宝,0.42924839735042775
司徒伯雷,司徒伯雷,韦小宝,0.5435969059597624
邝天雄,邝天雄,韦小宝,0.2830022570294118
常长风,常长风,韦小宝,0.5076644409281641
钟志灵,钟志灵,韦小宝,0.1718638943933743
袁冠南,袁冠南,韦小宝,0.9400639937089079
邓炳春,邓炳春,韦小宝,0.2058944138596883
皇甫阁,皇甫阁,韦小宝,0.49220917212209003
韦小宝,韦小宝,韦小宝,32.06847042453034
韦春花,韦春花,韦小宝,0.15608484026223296
史松,史松,韦小宝,0.3893197876754989
张康年,张康年,韦小宝,1.0813176490596403
苏辙,苏辙,韦小宝,0.19294501094119842
温有道,温有道,韦小宝,0.36188386511492465
索额图,索额图,韦小宝,2.04535430775826
洪安通,洪安通,韦小宝,0.20711364828265857
洪朝,洪朝,韦小宝,0.5056405977888572
张淡月,张淡月,韦小宝,0.48883155348362706
双儿,双儿,韦小宝,3.8852041723952553
王进宝,王进宝,韦小宝,0.8125082449868621
大苦,大苦,陈家洛,0.45628762819029967
大癫,大癫,陈家洛,0.3878578345856326
大痴,大痴,陈家洛,0.39252538849319407
德鄂,德鄂,陈家洛,0.1638642206007041
白振,白振,陈家洛,1.2545661997001976
心砚,心砚,陈家洛,3.3503880640610992
忽伦三虎,忽伦三虎,陈家洛,0.21524932337403663
汪浩天,汪浩天,陈家洛,0.30657174373921514
喀丝丽,喀丝丽,陈家洛,0.5454367867934969
忽伦二虎,忽伦二虎,陈家洛,0.2358888274843614
忽伦四虎,忽伦四虎,陈家洛,0.24674948890506396
忽伦大虎,忽伦大虎,陈家洛,0.3155252024382469
唐六爷,唐六爷,陈家洛,0.20641482801055364
老王,老王,陈家洛,0.40085198039685765
陆菲青,陆菲青,陈家洛,4.389079575380444
哈合台,哈合台,陈家洛,1.3340097573685075
和尔大,和尔大,陈家洛,0.3030945423665564
呼音克,呼音克,陈家洛,0.18002456552812632
成璜,成璜,陈家洛,0.9306194717205124
戴永明,戴永明,陈家洛,0.3484168425167217
周阿三,周阿三,陈家洛,0.21591654598128718
周英杰,周英杰,陈家洛,0.42291413315108006
周绮,周绮,陈家洛,3.7090266788824326
周大奶奶,周大奶奶,陈家洛,0.6620285624442673
教长,教长,陈家洛,0.1744697551431148
周仲英,周仲英,陈家洛,3.6491261354160316
陈家洛,陈家洛,陈家洛,9.421744305211886
文泰来,文泰来,陈家洛,5.541462120761715
言伯乾,言伯乾,陈家洛,0.8649402856779627
覃天丞,覃天丞,陈家洛,0.39318147721201135
陈正德,陈正德,陈家洛,1.4153699783052047
方有德,方有德,陈家洛,0.3067969567974091
褚圆,褚圆,陈家洛,0.3805026751349446
吴国栋,吴国栋,陈家洛,0.6613249153462064
无尘道人,无尘道人,陈家洛,0.6292742305668951
元悲,元悲,陈家洛,0.27181057588482094
无尘道长,无尘道长,陈家洛,0.5981337015439094
胡老爷,胡老爷,陈家洛,0.2707354898450129
瑞芳,瑞芳,陈家洛,0.20301178497462968
晴画,晴画,陈家洛,0.19750894074314745
骆冰,骆冰,陈家洛,5.258783272812448
霍阿伊,霍阿伊,陈家洛,0.5191819035358656
霍青桐,霍青桐,陈家洛,3.7929317285954216
袁士霄,袁士霄,陈家洛,1.0375968322616964
焦文期,焦文期,陈家洛,0.6524703120392797
曹司朋,曹司朋,陈家洛,0.2988110241147342
曹能,曹能,陈家洛,0.28393780777687305
曾图南,曾图南,陈家洛,0.5369013962766603
瑞大林,瑞大林,陈家洛,1.074412805576952
马敬侠,马敬侠,陈家洛,0.3359235436612365
元伤,元伤,陈家洛,0.2718105758848209
卫春华,卫春华,陈家洛,3.5999821962516347
韩文冲,韩文冲,陈家洛,1.010562862432648
兆惠,兆惠,陈家洛,1.0857960462260265
韩春霖,韩春霖,陈家洛,0.3379995218291914
纳斯尔丁,纳斯尔丁,陈家洛,0.23815561253898798
木卓伦,木卓伦,陈家洛,1.4738009592418513
王维扬,王维扬,陈家洛,1.2541962153916755
朱祖荫,朱祖荫,陈家洛,0.44714776888931806
李可秀,李可秀,陈家洛,1.6507062096246956
上官毅山,上官毅山,陈家洛,0.31463943160632235
顾金标,顾金标,陈家洛,1.402385831460323
上官,上官,陈家洛,0.7166378421627843
李沅芷,李沅芷,陈家洛,3.244274374108216
杨成协,杨成协,陈家洛,1.8519468112627462
蒋天寿,蒋天寿,陈家洛,0.2791103087256571
万庆澜,万庆澜,陈家洛,0.6493410189519238
凯别兴,凯别兴,陈家洛,0.2369340167861907
蒋四根,蒋四根,陈家洛,1.52902020028993
马善均,马善均,陈家洛,0.7006455762670428
马大挺,马大挺,陈家洛,0.43831393747226066
冯辉,冯辉,陈家洛,0.3905915348769458
余鱼同,余鱼同,陈家洛,4.388096553085186
罗信,罗信,陈家洛,0.2747845973385594
桑拉巴,桑拉巴,陈家洛,0.2665796561428253
关明梅,关明梅,陈家洛,1.0872062258899564
少妇,少妇,陈家洛,1.5804691598245244
元痛,元痛,陈家洛,0.27181057588482094
梅良鸣,梅良鸣,陈家洛,0.22605746662986037
章进,章进,陈家洛,3.17879890309586
范中恩,范中恩,陈家洛,0.3623029063725715
玉如意,玉如意,陈家洛,0.5586776038754904
常伯志,常伯志,陈家洛,0.9835802372254825
常赫志,常赫志,陈家洛,1.052826109402951
于万亭,于万亭,陈家洛,0.5125945301424318
钱正伦,钱正伦,陈家洛,0.5511413241130493
石双英,石双英,陈家洛,1.482341844805945
宋天保,宋天保,陈家洛,0.46223584977455734
宋善朋,宋善朋,陈家洛,0.5186215149080147
平旺先,平旺先,陈家洛,0.28706000941925747
迟玄,迟玄,陈家洛,0.22699825686777972
安健刚,安健刚,陈家洛,1.2253841767819675
童兆和,童兆和,陈家洛,1.2228841224142932
书僮,书僮,陈家洛,0.6175226520962454
孟健雄,孟健雄,陈家洛,1.927356211440199
孙老三,孙老三,陈家洛,0.2813691630242282
张召重,张召重,陈家洛,4.1451711435176355
赵半山,赵半山,陈家洛,4.86537438721633
孙克通,孙克通,陈家洛,0.20515414143546143
张安官,张安官,陈家洛,0.18833612389789434
彭三春,彭三春,陈家洛,0.4560178605795664
胖子,胖子,陈家洛,1.2392625528581485
阎世章,阎世章,陈家洛,0.6717813204918923
徐天宏,徐天宏,陈家洛,5.512425274629789
阎世魁,阎世魁,陈家洛,0.3018435221342883
德布,德布,陈家洛,0.31671447221728843
天镜,天镜,陈家洛,0.5135147170552058
天虹禅师,天虹禅师,陈家洛,0.23911041231254954
贝人龙,贝人龙,陈家洛,0.3011587047960689
龙骏,龙骏,陈家洛,0.31950219526306434
阿凡提,阿凡提,陈家洛,0.7049796392990422
陈圆圆,陈圆圆,袁承志,1.1779422763664658
侯飞文,侯飞文,袁承志,0.3265524859650186
宁完我,宁完我,袁承志,0.3875164047861409
齐云,齐云,袁承志,0.5757599242354166
朱安国,朱安国,袁承志,0.9502237089969111
胡桂南,胡桂南,袁承志,1.5091060480945029
若克琳,若克琳,袁承志,0.2885929355263148
单铁生,单铁生,袁承志,0.6968595460159762
何铁手,何铁手,袁承志,2.0867528459975953
洪胜海,洪胜海,袁承志,2.624747768002654
黄真,黄真,袁承志,1.6268513691703657
红娘子,红娘子,袁承志,0.55823741424218
何红药,何红药,袁承志,1.2957259829041419
何惕守,何惕守,袁承志,1.557514896183507
夏雪宜,夏雪宜,袁承志,0.2942975323743845
田见秀,田见秀,袁承志,0.25459848138010177
木桑道长,木桑道长,袁承志,0.34701138184979835
多尔衮,多尔衮,袁承志,0.7089340371560645
岑其斯,岑其斯,袁承志,0.3044728371235019
归辛树,归辛树,袁承志,2.190228049321649
孟铸,孟铸,袁承志,0.30542986807459854
皇太极,皇太极,袁承志,0.9253426069711993
孟铮,孟铮,袁承志,0.4539723370603347
郑起云,郑起云,袁承志,0.8258931622646944
崔希敏,崔希敏,袁承志,1.5356450006923288
史秉光,史秉光,袁承志,0.32468241506186357
闵子华,闵子华,袁承志,1.5864934013956933
史秉文,史秉文,袁承志,0.2993393740613933
曹化淳,曹化淳,袁承志,1.0003378148574953
水鉴,水鉴,袁承志,0.3161891004809352
张信,张信,袁承志,0.25635114843527235
黎刚,黎刚,袁承志,0.4673927777748751
胡老三,胡老三,袁承志,0.2910345932555475
焦宛儿,焦宛儿,袁承志,2.2406386069809714
水云道人,水云道人,袁承志,0.31879473025610994
孟伯飞,孟伯飞,袁承志,0.9093968290591421
黄须人,黄须人,袁承志,0.27697500050158597
小菊,小菊,袁承志,0.23516151188312406
崔秋山,崔秋山,袁承志,1.5538269019107473
袁承志,袁承志,袁承志,14.39931868392442
白脸人,白脸人,袁承志,0.27697500050158597
谭文理,谭文理,袁承志,0.2613739718255599
洞玄,洞玄,袁承志,0.669253759462478
彼得,彼得,袁承志,0.7972265667637665
孙仲寿,孙仲寿,袁承志,1.5816433815684343
吕七,吕七,袁承志,0.8392438983955665
张康,张康,袁承志,0.5516687773015566
龙德邻,龙德邻,袁承志,0.3669701229838854
焦公礼,焦公礼,袁承志,1.4937951341337536
程青竹,程青竹,袁承志,2.0771755050994436
温正,温正,袁承志,0.6666309742437896
农妇,农妇,袁承志,0.3158937312225269
冯不摧,冯不摧,袁承志,0.5703845756640393
冯不破,冯不破,袁承志,0.5125339025824439
沙老大,沙老大,袁承志,0.4175300566198973
穆人清,穆人清,袁承志,1.5212388866366569
张春九,张春九,袁承志,0.3811665600062626
冯同知,冯同知,袁承志,0.36197404549036427
温方达,温方达,袁承志,1.3642105606274733
温青,温青,袁承志,1.1911021800540997
董开山,董开山,袁承志,0.4947418882957474
荣彩,荣彩,袁承志,0.6066722501433309
冯难敌,冯难敌,袁承志,0.7946257960087252
温方施,温方施,袁承志,0.6629940725439405
秦栋,秦栋,袁承志,0.16997889140507172
范文程,范文程,袁承志,0.33082488073369987
万里风,万里风,袁承志,0.34276253566065207
杨鹏举,杨鹏举,袁承志,0.8597866240688348
温方悟,温方悟,袁承志,0.788160286122735
钱通四,钱通四,袁承志,0.44083239440030264
温方山,温方山,袁承志,1.1705536392302416
归钟,归钟,袁承志,1.0292672338112938
倪浩,倪浩,袁承志,0.7564122617289821
杨景亭,杨景亭,袁承志,0.2056289121269862
鲍承先,鲍承先,袁承志,0.3631088139682901
温方义,温方义,袁承志,1.0791379393508327
宋献策,宋献策,袁承志,0.2685158130146765
温南扬,温南扬,袁承志,0.6030291345696769
梅剑和,梅剑和,袁承志,1.994432192368717
刘培生,刘培生,袁承志,1.0291663447940664
温仪,温仪,袁承志,0.6321093803549954
安小慧,安小慧,袁承志,1.114025302772867
哑巴,哑巴,袁承志,2.9585314876673867
刘宗敏,刘宗敏,袁承志,0.5144563563954272
马公子,马公子,袁承志,0.30117471110004734
吴平,吴平,袁承志,0.39059169240861824
祖大寿,祖大寿,袁承志,0.3929571491602888
罗大千,罗大千,袁承志,0.20341612089154504
张朝唐,张朝唐,袁承志,1.0310436142013306
李自成,李自成,袁承志,2.008079437203204
刘芳亮,刘芳亮,袁承志,0.5017810851367407
安大娘,安大娘,袁承志,1.2330312360385876
张若谷,张若谷,袁承志,0.3192340153599559
潘秀达,潘秀达,袁承志,0.3704304320663585
阿九,阿九,袁承志,1.5316332960215142
安剑清,安剑清,袁承志,0.31242651803153965
归二娘,归二娘,袁承志,2.110518038030946
李岩,李岩,袁承志,1.1100469604183543
丁游,丁游,袁承志,0.2900276780260122
罗立如,罗立如,袁承志,0.8017104029663802
老李,老李,袁承志,0.20842051284885396
应松,应松,袁承志,0.7280051008239712
玉真子,玉真子,袁承志,0.9347992457494526
黄二毛子,黄二毛子,袁承志,0.1821436184133076
沙广天,沙广天,袁承志,0.17653898981400412
石骏,石骏,袁承志,0.2801457522280733
马家骏,马家骏,李文秀,0.25738352479424886
桑斯,桑斯,李文秀,0.18221608943031176
霍元龙,霍元龙,李文秀,0.5669289677238486
丁同,丁同,李文秀,0.22458317633070726
苏鲁克,苏鲁克,李文秀,1.5031938084303753
瓦尔拉齐,瓦尔拉齐,李文秀,0.17976161912694966
史仲俊,史仲俊,李文秀,0.46689731986548
上官虹,上官虹,李文秀,0.43149891692197506
陈达海,陈达海,李文秀,1.259971632148211
李文秀,李文秀,李文秀,1.9383321477166384
苏普,苏普,李文秀,1.9318208872588865
李三,李三,李文秀,0.49505828128405116
阿曼,阿曼,李文秀,1.743336188334249
车尔库,车尔库,李文秀,1.2915810220852277
龚光杰,龚光杰,段誉,0.31782295247704156
黎夫人,黎夫人,段誉,0.2153396797238754
黄眉和尚,黄眉和尚,段誉,0.15525495984120016
鸠摩智,鸠摩智,段誉,3.028001620325932
鲍千灵,鲍千灵,段誉,0.3274243905940918
高升泰,高升泰,段誉,0.7304700103288219
马夫人,马夫人,段誉,1.3252095167507565
马五德,马五德,段誉,0.3001134141969056
风波恶,风波恶,段誉,1.9962540175394263
项长老,项长老,段誉,0.1947941298177574
陈孤雁,陈孤雁,段誉,0.18349824341363044
阿胜,阿胜,段誉,0.19860384681953897
阿紫,阿紫,段誉,3.3626942192083114
阿碧,阿碧,段誉,1.7299505017221275
阿洪,阿洪,段誉,0.1869510733881154
阿朱,阿朱,段誉,4.110099400623608
阮星竹,阮星竹,段誉,1.2588165700891103
钟灵,钟灵,段誉,2.15803922556377
钟万仇,钟万仇,段誉,1.4627014119267463
郁光标,郁光标,段誉,0.5940692733297087
邓百川,邓百川,段誉,2.3983110163091106
过彦之,过彦之,段誉,0.7978304804069207
辛双清,辛双清,段誉,0.3763817552980928
赵钱孙,赵钱孙,段誉,1.6407947513270509
赫连铁树,赫连铁树,段誉,0.423488354577247
贾老者,贾老者,段誉,0.20197933884473712
谭青,谭青,段誉,0.23051492337316629
谭婆,谭婆,段誉,1.1774753943423588
谭公,谭公,段誉,1.1260241905022947
诸保昆,诸保昆,段誉,0.5755170441102189
褚万里,褚万里,段誉,0.8586172668391585
虚竹,虚竹,段誉,6.005688186032834
薛慕华,薛慕华,段誉,1.0062861292126293
葛光佩,葛光佩,段誉,0.2637190907366782
萧远山,萧远山,段誉,0.5178322241353565
菊剑,菊剑,段誉,0.748499641528077
范骅,范骅,段誉,1.101199904263555
范百龄,范百龄,段誉,0.7968748584146685
苟读,苟读,段誉,0.36379212382171333
苏星河,苏星河,段誉,1.68022208063104
耶律重元,耶律重元,段誉,0.3861190460758782
耶律莫哥,耶律莫哥,段誉,0.17946727488539474
耶律涅鲁古,耶律涅鲁古,段誉,0.3861190460758782
耶律洪基,耶律洪基,段誉,0.6593392522322971
缘根,缘根,段誉,0.2506921601892939
符敏仪,符敏仪,段誉,0.40120832933625805
竹剑,竹剑,段誉,0.5425525118686139
端木元,端木元,段誉,0.19670084169575924
穆贵妃,穆贵妃,段誉,0.24076752412025637
程青霜,程青霜,段誉,0.24223334029263496
秦红棉,秦红棉,段誉,1.173588538769364
神音,神音,段誉,0.23795310266930755
神山上人,神山上人,段誉,0.5321122003407528
祁六三,祁六三,段誉,0.1749997489002234
石清露,石清露,段誉,0.3640232047060645
石嫂,石嫂,段誉,0.4898886062437313
白世镜,白世镜,段誉,0.8827143100512151
甘宝宝,甘宝宝,段誉,0.8331420161375047
瑞婆婆,瑞婆婆,段誉,0.4701285886456571
王语嫣,王语嫣,段誉,5.154198159343665
王夫人,王夫人,段誉,1.6392706714040335
玄难,玄难,段誉,2.4872697098361867
玄苦,玄苦,段誉,0.5057473676262665
玄痛,玄痛,段誉,0.6222345854631215
玄生,玄生,段誉,0.4921642791179138
玄慈,玄慈,段誉,1.7341982625292054
玄寂,玄寂,段誉,0.9080878835467115
狮鼻子,狮鼻子,段誉,0.17050223180441826
游骥,游骥,段誉,0.33673818529487354
游驹,游驹,段誉,0.3356603074714386
游坦之,游坦之,段誉,2.2319142784544863
清风,清风,段誉,0.8449544563686888
波罗星,波罗星,段誉,0.717983240834429
段誉,段誉,段誉,11.680421919200967
段正淳,段正淳,段誉,4.221090642800857
段正明,段正明,段誉,0.4318188825914141
段延庆,段延庆,段誉,2.376207027560185
止清,止清,段誉,0.35128941524929724
梦姑,梦姑,段誉,0.2879206466864855
梅剑,梅剑,段誉,0.6629501720249533
桑土公,桑土公,段誉,0.5461356270345942
枯荣长老,枯荣长老,段誉,0.15876404038621827
李秋水,李秋水,段誉,0.7126782684094598
李春来,李春来,段誉,0.23659806822424947
李傀儡,李傀儡,段誉,0.49253638128681165
朴者和尚,朴者和尚,段誉,0.18392908158613558
朱丹臣,朱丹臣,段誉,2.259878839927659
本观,本观,段誉,0.5505346719996949
本相,本相,段誉,0.5402581679215063
本因,本因,段誉,0.8862671066717445
本参,本参,段誉,0.5684205387298432
木婉清,木婉清,段誉,2.8393763888093906
智光大师,智光大师,段誉,0.42753758353838434
易大彪,易大彪,段誉,0.40399747737389324
无崖子,无崖子,段誉,0.5825735084306193
摘星子,摘星子,段誉,0.4880764001330866
慧观,慧观,段誉,0.3469445825931193
慧真,慧真,段誉,0.35878013347225435
慧方,慧方,段誉,0.581646793506173
慧净,慧净,段誉,0.28993813781732936
慕容复,慕容复,段誉,5.0591698478102884
慕容博,慕容博,段誉,0.6976486421552022
徐长老,徐长老,段誉,1.2668096190423301
张全祥,张全祥,段誉,0.20109175465453727
康广陵,康广陵,段誉,0.9094959873264536
幽草,幽草,段誉,0.22480371312127212
平婆婆,平婆婆,段誉,0.404145676416121
巴天石,巴天石,段誉,2.143190846645915
左子穆,左子穆,段誉,0.7916379849372291
崔绿华,崔绿华,段誉,0.2506987218688863
崔百泉,崔百泉,段誉,1.1478761073464465
岳老三,岳老三,段誉,0.3721610602118432
容子矩,容子矩,段誉,0.21727970590284465
宗赞王子,宗赞王子,段誉,0.23389827336132807
宋长老,宋长老,段誉,0.5968136873178104
孟师叔,孟师叔,段誉,0.20910521586499423
姜师叔,姜师叔,段誉,0.2788254422187503
姚伯当,姚伯当,段誉,0.43790432935947865
奚长老,奚长老,段誉,0.3742400474357621
天狼子,天狼子,段誉,0.18577920886505583
天山童姥,天山童姥,段誉,0.6978090391874788
唐光雄,唐光雄,段誉,0.1772362264159508
哲罗星,哲罗星,段誉,0.5566019286847811
哈大霸,哈大霸,段誉,0.2466484205377631
吴领军,吴领军,段誉,0.4668983990637937
吴长风,吴长风,段誉,0.3165362104521795
吴光胜,吴光胜,段誉,0.5029975490741262
司马林,司马林,段誉,0.8238044245747089
司空玄,司空玄,段誉,0.7570794131453089
叶二娘,叶二娘,段誉,1.411640077042621
古笃诚,古笃诚,段誉,0.5708469969623681
单正,单正,段誉,0.9485633643590866
单小山,单小山,段誉,0.2325286143583433
单季山,单季山,段誉,0.26747013418755533
单叔山,单叔山,段誉,0.23966771961393973
单伯山,单伯山,段誉,0.2758727869991543
卓不凡,卓不凡,段誉,0.46810520331239114
华赫艮,华赫艮,段誉,0.741963035557017
包不同,包不同,段誉,3.175624554246378
努儿海,努儿海,段誉,0.29526543698380825
刘竹庄,刘竹庄,段誉,0.368859425253085
刀白凤,刀白凤,段誉,0.759310398161537
出尘子,出尘子,段誉,0.25730057677728585
冯阿三,冯阿三,段誉,0.5457099066794076
兰剑,兰剑,段誉,0.5960744286069652
公冶乾,公冶乾,段誉,1.9160942721428214
全冠清,全冠清,段誉,1.1829174689608066
傅思归,傅思归,段誉,0.5236866011548673
余婆婆,余婆婆,段誉,0.30532853983259245
云岛主,云岛主,段誉,0.19389007799541175
云中鹤,云中鹤,段誉,1.6934329446639875
乔峰,乔峰,段誉,4.327251362013844
乌老大,乌老大,段誉,1.5998122233470977
严妈妈,严妈妈,段誉,0.28640036997171026
不平道人,不平道人,段誉,0.7802422647624124
丁春秋,丁春秋,段誉,3.3936720396226767
成自学,成自学,石破天,0.8239302607862805
石中玉,石中玉,石破天,1.464659438009563
石清,石清,石破天,4.31277560345881
谢烟客,谢烟客,石破天,1.7429637983662654
闻万夫,闻万夫,石破天,0.44764997472850243
丑脸汉子,丑脸汉子,石破天,0.28792153277324295
石破天,石破天,石破天,7.122930268947885
陈冲之,陈冲之,石破天,0.6617964807626968
照虚,照虚,石破天,0.34331906612254076
范一飞,范一飞,石破天,0.9315207969442333
李万山,李万山,石破天,0.15957091493102413
耿万钟,耿万钟,石破天,1.1616943046001253
丁不三,丁不三,石破天,1.1566409686273054
王万仞,王万仞,石破天,0.8657838635550132
李四,李四,石破天,1.0561113106644544
齐自勉,齐自勉,石破天,0.752338028746029
风良,风良,石破天,0.7417537506673978
温仁厚,温仁厚,石破天,0.1936362464545569
廖自砺,廖自砺,石破天,0.6029543382916904
周牧,周牧,石破天,0.4262530568059748
梅芳姑,梅芳姑,石破天,0.4575715152939326
梅文馨,梅文馨,石破天,0.3379681839005494
杨光,杨光,石破天,0.2364841297260905
侍剑,侍剑,石破天,0.5560795384909076
梁自进,梁自进,石破天,0.7135559174686851
黄面道人,黄面道人,石破天,0.21916157889073462
吴道通,吴道通,石破天,0.5207679852451144
安奉日,安奉日,石破天,0.4572301468267447
冯振武,冯振武,石破天,0.3622485870067864
柯万钧,柯万钧,石破天,0.6421475626660003
贝海石,贝海石,石破天,1.7347322546316395
孙万年,孙万年,石破天,0.28090855258414277
褚万春,褚万春,石破天,0.2809085525841427
吕正平,吕正平,石破天,0.7560558727640433
白万剑,白万剑,石破天,3.4388661820098503
元澄道人,元澄道人,石破天,0.3572729447022518
天虚,天虚,石破天,0.5595194127339235
大悲老人,大悲老人,石破天,0.47151872357632285
邱山风,邱山风,石破天,0.18825244244219846
闵柔,闵柔,石破天,2.3628426823071833
封万里,封万里,石破天,0.809691952692762
龙岛主,龙岛主,石破天,0.634914287136645
米横野,米横野,石破天,0.37097776177390424
小翠,小翠,石破天,0.3401674484116843
汪万翼,汪万翼,石破天,0.3993806832204349
高三娘子,高三娘子,石破天,0.9437974214766278
丁不四,丁不四,石破天,2.038409291637069
花万紫,花万紫,石破天,0.9497132171477624
司徒横,司徒横,石破天,0.2631794003262796
史小翠,史小翠,石破天,0.34116202254289874
木岛主,木岛主,石破天,0.4185508801145006
展飞,展飞,石破天,0.5169354883277946
呼延万善,呼延万善,石破天,0.5128738162842178
白自在,白自在,石破天,1.4064764677750918
催命鬼,催命鬼,郭靖,0.3616180810316321
胖丐,胖丐,郭靖,0.24473045581420783
煞神鬼,煞神鬼,郭靖,0.1840326176895435
焦木和尚,焦木和尚,郭靖,0.21746214952630438
点苍渔隐,点苍渔隐,郭靖,0.25492277055155316
灵智上人,灵智上人,郭靖,0.7982246693112425
胖妇人,胖妇人,郭靖,0.1741730846135574
潇湘子,潇湘子,郭靖,1.6619519008096704
渔人,渔人,郭靖,0.6286168835132405
洪凌波,洪凌波,郭靖,0.5048282135941954
洪七公,洪七公,郭靖,3.249720526108768
沙通天,沙通天,郭靖,1.6688486967626701
沈青刚,沈青刚,郭靖,0.2977797494954088
汤祖德,汤祖德,郭靖,0.21220055763651882
俏鬼,俏鬼,郭靖,0.328541195379521
段天德,段天德,郭靖,0.6513103504274195
武敦儒,武敦儒,郭靖,0.9297985663962943
武修文,武修文,郭靖,1.243051294488645
武三通,武三通,郭靖,1.2407503856112938
武三娘,武三娘,郭靖,0.41793956634459983
侯通海,侯通海,郭靖,1.2156753121400723
欧阳克,欧阳克,郭靖,1.9785877278242785
樵子,樵子,郭靖,0.5508322910389345
樊一翁,樊一翁,郭靖,0.722705674876633
梅超风,梅超风,郭靖,2.224621629565217
梁长老,梁长老,郭靖,0.44749857921823155
梁子翁,梁子翁,郭靖,1.3427110594192049
桑昆,桑昆,郭靖,0.8911242342834365
桃红,桃红,郭靖,0.427472480448045
萨多,萨多,郭靖,0.18451079860245587
柯镇恶,柯镇恶,郭靖,2.8692506110306213
柔儿,柔儿,郭靖,0.21570817676663034
枯木,枯木,郭靖,0.2747798527613359
林朝英,林朝英,郭靖,0.3273801260542636
杨铁心,杨铁心,郭靖,1.2702354267475657
杨过,杨过,郭靖,12.344477041103154
杨康,杨康,郭靖,2.363493521370969
蒙哥,蒙哥,郭靖,0.29242043330844925
蓝天和,蓝天和,郭靖,0.19142549626798333
李萍,李萍,郭靖,0.5179612528918921
李莫愁,李莫愁,郭靖,3.061717563805303
丁大全,丁大全,郭靖,0.5029677610646962
李志常,李志常,郭靖,0.6093192144740028
藏边五丑,藏边五丑,郭靖,0.2207847154654014
余兆兴,余兆兴,郭靖,0.2431694973250132
马钰,马钰,郭靖,1.7978533339675251
朱聪,朱聪,郭靖,2.5513663341684585
朱子柳,朱子柳,郭靖,1.3769593661334407
术赤,术赤,郭靖,0.6749900106560363
札木合,札木合,郭靖,0.7605143136129028
马青雄,马青雄,郭靖,0.31794692979546174
木华黎,木华黎,郭靖,0.6029297464167173
曲傻姑,曲傻姑,郭靖,0.16561307798750816
曲三,曲三,郭靖,0.26019252022100336
裘千丈,裘千丈,郭靖,0.31406295604639367
明月,明月,郭靖,0.9554568456671394
裘千仞,裘千仞,郭靖,1.59806142856353
裘千尺,裘千尺,郭靖,0.991931706991595
无常鬼,无常鬼,郭靖,0.4670449205010949
教书先生,教书先生,郭靖,0.2889403721834868
讨债鬼,讨债鬼,郭靖,0.22963557195216094
许卓诚,许卓诚,郭靖,0.16176701707143948
拖雷,拖雷,郭靖,1.6122536700540644
谭处端,谭处端,郭靖,0.6304496330739119
鲁有脚,鲁有脚,郭靖,1.11879361380025
忽都虎,忽都虎,郭靖,0.18219968998056368
忽必烈,忽必烈,郭靖,0.9838146447852509
鹿清笃,鹿清笃,郭靖,0.4203414954767679
彭长老,彭长老,郭靖,0.5076152930815286
彭连虎,彭连虎,郭靖,1.7535078382702027
张阿生,张阿生,郭靖,0.8884124973868597
赤老温,赤老温,郭靖,0.32711380976723314
张志光,张志光,郭靖,0.22704194238881287
赵志敬,赵志敬,郭靖,2.064551253843571
张十五,张十五,郭靖,0.21710875326235957
人厨子,人厨子,郭靖,0.3215523088747555
张二叔,张二叔,郭靖,0.1563918248574957
张一氓,张一氓,郭靖,0.33786033971927976
店伴,店伴,郭靖,0.9788685881468804
达尔巴,达尔巴,郭靖,0.84836563532127
崔志方,崔志方,郭靖,0.21070105220581553
郝大通,郝大通,郭靖,1.248930394255126
尼摩星,尼摩星,郭靖,1.24063372694011
尹志平,尹志平,郭靖,2.0502456692026034
尹克西,尹克西,郭靖,1.389245053355938
郭啸天,郭啸天,郭靖,0.7265015221048039
小龙女,小龙女,郭靖,5.295619479632676
郭破虏,郭破虏,郭靖,0.2855770402676639
小王将军,小王将军,郭靖,0.28615217162578044
小沙弥,小沙弥,郭靖,0.3120247781860279
小棒头,小棒头,郭靖,0.20464455760627062
郭芙,郭芙,郭靖,3.1755323257057633
郭襄,郭襄,郭靖,3.298299216384191
郭靖,郭靖,郭靖,15.172278008540045
都史,都史,郭靖,0.5905688114246798
鄂尔多,鄂尔多,郭靖,0.1632862974252521
金轮法王,金轮法王,郭靖,1.9433866118787164
察合台,察合台,郭靖,0.6076630515245266
完颜萍,完颜萍,郭靖,0.8184642526130289
完颜洪熙,完颜洪熙,郭靖,0.4938409448631611
完颜洪烈,完颜洪烈,郭靖,2.374251573655589
宋德方,宋德方,郭靖,0.3537300790300417
宋五,宋五,郭靖,0.262467665854944
钱青健,钱青健,郭靖,0.31492090977223197
铁匠,铁匠,郭靖,0.6080991731058986
铁木真,铁木真,郭靖,1.4349113572702528
孙婆婆,孙婆婆,郭靖,0.8285119900805983
孙不二,孙不二,郭靖,0.9462252639075938
子聪,子聪,郭靖,0.18838173607709174
姜文,姜文,郭靖,0.20027360413458917
九死生,九死生,郭靖,0.22355547538351472
天竺僧人,天竺僧人,郭靖,0.2335836889452295
天竺僧,天竺僧,郭靖,0.4355197002245458
乔寨主,乔寨主,郭靖,0.17542796132497188
大汉,大汉,郭靖,5.51911318490094
大头鬼,大头鬼,郭靖,0.6339352892347568
阿根,阿根,郭靖,0.17482653601749482
圣因师太,圣因师太,郭靖,0.3639670906950778
阿里,阿里,郭靖,0.3185470426515662
陆乘风,陆乘风,郭靖,0.6263014760293542
陆二娘,陆二娘,郭靖,0.2615325932789442
陆冠英,陆冠英,郭靖,1.1420585388589442
陆无双,陆无双,郭靖,1.4098323022808819
黄药师,黄药师,郭靖,4.256137882162687
哑梢公,哑梢公,郭靖,0.20002197983194492
黄蓉,黄蓉,郭靖,12.514135886797076
陈大方,陈大方,郭靖,0.45588321541971755
周伯通,周伯通,郭靖,3.3828627830681866
吴青烈,吴青烈,郭靖,0.2871007126067454
陈玄风,陈玄风,郭靖,0.6505977494798754
丧门鬼,丧门鬼,郭靖,0.40184533128040223
吕文德,吕文德,郭靖,0.3299302023610358
吊死鬼,吊死鬼,郭靖,0.601921021541485
霍都,霍都,郭靖,1.2717271325467665
青灵子,青灵子,郭靖,0.19390990850005935
史季强,史季强,郭靖,0.7725170147553988
史叔刚,史叔刚,郭靖,0.5017009448765856
史伯威,史伯威,郭靖,0.46281912203025843
史仲猛,史仲猛,郭靖,0.6362583406627954
韩宝驹,韩宝驹,郭靖,1.5894680378254142
黎生,黎生,郭靖,0.4048968635435588
韩小莹,韩小莹,郭靖,1.8220575733430278
韩无垢,韩无垢,郭靖,0.26918196573203523
博尔术,博尔术,郭靖,0.6747669857603117
博尔忽,博尔忽,郭靖,0.5927532751641041
南希仁,南希仁,郭靖,1.1300547633892115
丘处机,丘处机,郭靖,4.121525840050311
华筝,华筝,郭靖,1.2467582879002088
包惜弱,包惜弱,郭靖,0.6748553152506583
马光佐,马光佐,郭靖,0.6638312433618863
刘处玄,刘处玄,郭靖,0.7349894625823087
冯默风,冯默风,郭靖,0.3484203372403717
程瑶迦,程瑶迦,郭靖,0.7216306119393315
穆念慈,穆念慈,郭靖,1.2492689065034424
农夫,农夫,郭靖,0.9145107469077691
窝阔台,窝阔台,郭靖,0.7668694854380823
祁志诚,祁志诚,郭靖,0.3366642874833432
公孙绿萼,公孙绿萼,郭靖,0.33512476856954926
公孙止,公孙止,郭靖,1.1047070975168234
盖运聪,盖运聪,郭靖,0.20027360413458917
百草仙,百草仙,郭靖,0.3796034632673667
童大海,童大海,郭靖,0.17264314044775905
笑脸鬼,笑脸鬼,郭靖,0.4588228586931624
简管家,简管家,郭靖,0.25392345224173596
瘦丐,瘦丐,郭靖,0.29723542310658024
申志凡,申志凡,郭靖,0.2328250909076412
简长老,简长老,郭靖,0.5004938191987537
全金发,全金发,郭靖,1.5490813247833206
一灯大师,一灯大师,郭靖,1.4384753636642484
王道,王道,郭靖,1.106141739248585
王罕,王罕,郭靖,0.8468457797302249
王惟忠,王惟忠,郭靖,0.42643616755718494
王志坦,王志坦,郭靖,0.48390910962001843
王处一,王处一,郭靖,1.5617425104311218
王十三,王十三,郭靖,0.15865518362090247
者勒米,者勒米,郭靖,0.3061162781923864
耶律晋,耶律晋,郭靖,0.258827579285902
耶律楚材,耶律楚材,郭靖,0.29725239533380043
耶律燕,耶律燕,郭靖,0.4698487279153668
耶律齐,耶律齐,郭靖,1.4593068137435208
郝密,郝密,张无忌,0.19101451814194478
王保保,王保保,张无忌,0.5382896548168639
老不死,老不死,张无忌,0.4815886381264556
王八衰,王八衰,张无忌,0.2784582211218486
纪晓芙,纪晓芙,张无忌,1.893845517128215
王难姑,王难姑,张无忌,0.5027523373146205
班淑娴,班淑娴,张无忌,0.9715697113046545
简捷,简捷,张无忌,0.851330934263115
高老者,高老者,张无忌,0.5444234237798335
童子,童子,张无忌,0.9963818823964221
白龟寿,白龟寿,张无忌,0.7084997602994875
矮老者,矮老者,张无忌,0.5122150004269563
祁天彪,祁天彪,张无忌,0.43329267015876427
祝镖头,祝镖头,张无忌,0.23388627299091796
空闻,空闻,张无忌,1.9783766248737364
空见,空见,张无忌,1.2932135655191916
空智,空智,张无忌,2.297447550024316
空性,空性,张无忌,1.1320099809512314
秦老五,秦老五,张无忌,0.1791050080479459
程坛主,程坛主,张无忌,0.27207939829008465
高则成,高则成,张无忌,0.47316286797534957
传功长老,传功长老,张无忌,0.9551627138105353
何太冲,何太冲,张无忌,1.9311455609479329
何足道,何足道,张无忌,1.8309058215604783
马法通,马法通,张无忌,0.3133812124767565
俞岱岩,俞岱岩,张无忌,2.2978216407050023
俱明宝树王,俱明宝树王,张无忌,0.22122879966126605
假东方不败,假东方不败,张无忌,0.1595875020635118
齐心宝树王,齐心宝树王,张无忌,0.22122879966126607
元广波,元广波,张无忌,0.2549490170765046
冷谦,冷谦,张无忌,0.6001314582121935
凤一鸣,凤一鸣,张无忌,0.2532775415119958
刘敖,刘敖,张无忌,0.17886311779571173
刚相,刚相,张无忌,0.15481949684963578
韩林儿,韩林儿,张无忌,0.8253979959522962
卜泰,卜泰,张无忌,0.2263671756309847
卫四娘,卫四娘,张无忌,0.39368190309487344
卫天望,卫天望,张无忌,0.34916344389857934
卫璧,卫璧,张无忌,0.7100933290881606
韩千叶,韩千叶,张无忌,0.22425279085077499
史火龙,史火龙,张无忌,0.9809567299181018
韦一笑,韦一笑,张无忌,2.993170308209854
静迦,静迦,张无忌,0.25811188655336886
静虚师太,静虚师太,张无忌,0.33887275643019166
静空,静空,张无忌,0.20455410464534635
静玄师太,静玄师太,张无忌,0.4574302423216047
静照,静照,张无忌,0.2600748216101636
史红石,史红石,张无忌,0.3783094526041948
静慧,静慧,张无忌,0.3624831679171723
史镖头,史镖头,张无忌,0.7046845304944525
叶长青,叶长青,张无忌,0.17432109179271313
司徒千钟,司徒千钟,张无忌,0.5695308827858697
吴六破,吴六破,张无忌,0.30315363708882165
吴劲草,吴劲草,张无忌,0.4141232727300156
吴祯,吴祯,张无忌,0.2608620146466973
吴良,吴良,张无忌,0.3237083696423678
周五输,周五输,张无忌,0.2784582211218486
周芷若,周芷若,张无忌,5.43829465191312
陈友谅,陈友谅,张无忌,1.8812477214791565
周颠,周颠,张无忌,2.4470537040788276
哈总管,哈总管,张无忌,0.2545662034733184
唐文亮,唐文亮,张无忌,0.560583323281809
唐洋,唐洋,张无忌,0.19457968041072385
圆业,圆业,张无忌,0.42021416188609484
圆心,圆心,张无忌,0.267200474808174
圆真,圆真,张无忌,1.7886413739475508
圆音,圆音,张无忌,0.5027387218102007
夏胄,夏胄,张无忌,0.363756985863377
阿二,阿二,张无忌,0.5251454237323513
阿三,阿三,张无忌,0.589220673536669
阳顶天,阳顶天,张无忌,0.5853152232755319
天鸣方丈,天鸣方丈,张无忌,0.22648558786993522
太虚子,太虚子,张无忌,0.15855117423265405
妙风使,妙风使,张无忌,0.6099564296598201
闻苍松,闻苍松,张无忌,0.23964670849218828
姚清泉,姚清泉,张无忌,0.3635396609198932
孙三毁,孙三毁,张无忌,0.42939098608938875
孟正鸿,孟正鸿,张无忌,0.22952484055593467
季长老,季长老,张无忌,0.2853445019060791
宋远桥,宋远桥,张无忌,2.9703197995327986
宋青书,宋青书,张无忌,2.0559728113122873
宗维侠,宗维侠,张无忌,0.6252174672261379
钱二败,钱二败,张无忌,0.40800118577395195
宫九佳,宫九佳,张无忌,0.3805458603334725
察罕特穆尔,察罕特穆尔,张无忌,0.17233473834637564
金花婆婆,金花婆婆,张无忌,1.8953861447627294
寿南山,寿南山,张无忌,0.2170012188748782
都大锦,都大锦,张无忌,0.7196871889121951
封坛主,封坛主,张无忌,0.29646934225987787
小凤,小凤,张无忌,0.24938389998479224
小昭,小昭,张无忌,1.7030629527457763
小玲,小玲,张无忌,0.20397142206418029
小虹,小虹,张无忌,0.20397142206418029
尤得胜,尤得胜,张无忌,0.28067965745959966
郑长老,郑长老,张无忌,0.3546955447676818
常敬之,常敬之,张无忌,0.3695070464925778
郑七灭,郑七灭,张无忌,0.2784582211218486
乌旺阿普,乌旺阿普,张无忌,0.27037532253281443
邵鹤,邵鹤,张无忌,0.30303122334932103
邵燕,邵燕,张无忌,0.20524702918041302
常胜宝树王,常胜宝树王,张无忌,0.1542006794155213
常遇春,常遇春,张无忌,1.5206134456072269
常金鹏,常金鹏,张无忌,0.6302765196499052
邓愈,邓愈,张无忌,0.49868668373666625
平等宝树王,平等宝树王,张无忌,0.2183203522722188
乔福,乔福,张无忌,0.24064524657998723
过三拳,过三拳,张无忌,0.3225604614532934
庄铮,庄铮,张无忌,0.20276872166190185
辛然,辛然,张无忌,0.2816377865018248
辉月使,辉月使,张无忌,0.5342377227047762
张三,张三,张无忌,1.631590970291085
张三丰,张三丰,张无忌,4.324844147335925
张中,张中,张无忌,0.23154164911324815
赵敏,赵敏,张无忌,6.490021571730858
张君宝,张君宝,张无忌,0.6939549712305871
赵一伤,赵一伤,张无忌,0.40236524048883493
张无忌,张无忌,张无忌,20.355483682160866
张松溪,张松溪,张无忌,2.00948861454024
云鹤,云鹤,张无忌,0.48015218590768927
张翠山,张翠山,张无忌,5.073957539470827
贺老三,贺老三,张无忌,0.20772501854400563
彭莹玉,彭莹玉,张无忌,1.8714175653246687
贝锦仪,贝锦仪,张无忌,0.42270962407889334
徐达,徐达,张无忌,1.135730380986049
德成,德成,张无忌,0.16869246804153903
成昆,成昆,张无忌,1.568043660227191
五姑,五姑,张无忌,0.4516245783828732
谢逊,谢逊,张无忌,6.618100732585266
说不得,说不得,张无忌,2.764460799201838
执法长老,执法长老,张无忌,1.3143296742152668
掌棒龙头,掌棒龙头,张无忌,0.7860199002810762
掌钵龙头,掌钵龙头,张无忌,0.7128313557421493
詹春,詹春,张无忌,0.47598396197048154
摩诃巴思,摩诃巴思,张无忌,0.20174692623994847
方东白,方东白,张无忌,0.22811161422484336
解文豹,解文豹,张无忌,0.24487272506226632
觉远大师,觉远大师,张无忌,0.4153826330581989
觉远,觉远,张无忌,0.8210282129523845
西门观止,西门观止,张无忌,0.15637091927578609
方天劳,方天劳,张无忌,0.35835166483684383
西华子,西华子,张无忌,0.8286605258025082
麦鲸,麦鲸,张无忌,0.35354694071855897
无相禅师,无相禅师,张无忌,0.28616352073417034
无色,无色,张无忌,1.3544345672088216
易三娘,易三娘,张无忌,0.4630294679947138
朱九真,朱九真,张无忌,0.8611842642216889
朱元璋,朱元璋,张无忌,1.2546522424803632
朱长龄,朱长龄,张无忌,0.8519378675306664
麦少帮主,麦少帮主,张无忌,0.29612795429488825
李四摧,李四摧,张无忌,0.4303421584033541
李大元,李大元,张无忌,0.1711424522919311
薛公远,薛公远,张无忌,0.5669827318250539
杜百当,杜百当,张无忌,0.38424374634177194
来福儿,来福儿,张无忌,0.176317592423856
杨不悔,杨不悔,张无忌,1.9351135783143611
杨夫人,杨夫人,张无忌,0.3333577057207652
蒋涛,蒋涛,张无忌,0.43934234232285074
杨逍,杨逍,张无忌,5.393543918895819
鹿杖客,鹿杖客,张无忌,1.3682358243957349
鹤笔翁,鹤笔翁,张无忌,1.0597757377838593
莫声谷,莫声谷,张无忌,1.6331811856954372
范遥,范遥,张无忌,2.0550041635304592
鲜于通,鲜于通,张无忌,0.4792386279438665
欧阳牧之,欧阳牧之,张无忌,0.2209495595732766
武烈,武烈,张无忌,0.6004066131996018
武青婴,武青婴,张无忌,0.7280768260565476
殷天正,殷天正,张无忌,2.36821115155561
殷无寿,殷无寿,张无忌,0.3558904736314177
殷无禄,殷无禄,张无忌,0.3776686059831711
殷无福,殷无福,张无忌,0.4303682458661252
殷梨亭,殷梨亭,张无忌,3.6204137431002463
殷离,殷离,张无忌,1.3319135070118246
苏梦清,苏梦清,张无忌,0.16851559333130703
殷素素,殷素素,张无忌,2.815714204318352
苏习之,苏习之,张无忌,0.3419993325447567
殷野王,殷野王,张无忌,0.9901519073730862
汉子,汉子,张无忌,13.419899851176956
花云,花云,张无忌,0.41513775780705653
汤和,汤和,张无忌,0.6469409122435325
脚夫,脚夫,张无忌,0.6705975923429824
胡青羊,胡青羊,张无忌,0.18774694777827908
胡青牛,胡青牛,张无忌,1.616951325223123
泉建男,泉建男,张无忌,0.2147750700979128
流云使,流云使,张无忌,0.4887015847885575
渡劫,渡劫,张无忌,0.8845497872283153
渡厄,渡厄,张无忌,1.15769658338501
胡夫人,胡夫人,张无忌,0.28667298331026514
渡难,渡难,张无忌,0.8110170050715604
潘天耕,潘天耕,张无忌,0.4285313441067773
灭绝师太,灭绝师太,张无忌,2.7149765601401072
灵虚,灵虚,张无忌,0.27637773917194053
丁敏君,丁敏君,张无忌,1.1488999867041416
袁枚,袁枚,明珠,0.36348646972944465
郑板桥,郑板桥,明珠,0.3265885365009039
沈德潜,沈德潜,明珠,0.3265885365009039
白二,白二,林平之,0.44693399628890607
崔镖头,崔镖头,林平之,0.3687357924669777
季镖头,季镖头,林平之,0.3501330729997866
郑镖头,郑镖头,林平之,0.5508989004531768
陈七,陈七,林平之,0.3925855714263813
阎基,阎基,胡斐,0.7382599917598923
姜小铁,姜小铁,胡斐,0.22478266595098126
姜铁山,姜铁山,胡斐,0.661274870983434
张飞雄,张飞雄,胡斐,0.24708682455289627
童怀道,童怀道,胡斐,0.3875863471131523
姬晓峰,姬晓峰,胡斐,0.6071400528114107
赛总管,赛总管,胡斐,0.41110382775860865
张总管,张总管,胡斐,0.19449949379213935
汤沛,汤沛,胡斐,1.5707833048098603
孙伏虎,孙伏虎,胡斐,0.5733221348586552
孙刚峰,孙刚峰,胡斐,0.5854015005343554
张九,张九,胡斐,0.3693291407363971
车夫,车夫,胡斐,1.2844621408015324
平阿四,平阿四,胡斐,0.5673222221134107
安提督,安提督,胡斐,1.2236196756686586
乾隆皇帝,乾隆皇帝,胡斐,0.43358123092861933
平四,平四,胡斐,0.36098163726994725
宗雄,宗雄,胡斐,0.3889331953552855
钟兆英,钟兆英,胡斐,0.4167942736104271
宝树,宝树,胡斐,0.8601003708280605
邝宝官,邝宝官,胡斐,0.1565785922621538
郑三娘,郑三娘,胡斐,0.5345761860667599
钟兆能,钟兆能,胡斐,0.284002049312736
钟兆文,钟兆文,胡斐,0.4577296829718377
尉迟连,尉迟连,胡斐,0.4427502736428327
于管家,于管家,胡斐,0.43597701744637996
崔百胜,崔百胜,胡斐,0.22820138718173094
黄希节,黄希节,胡斐,0.385134981277949
郭玉堂,郭玉堂,胡斐,0.5839754030711882
尹章垓,尹章垓,胡斐,0.18395053035233858
相国夫人,相国夫人,胡斐,0.2817023280168155
石万嗔,石万嗔,胡斐,0.9680836198429796
苗人凤,苗人凤,胡斐,3.3006610862195034
苗若兰,苗若兰,胡斐,0.9332219994676596
殷吉,殷吉,胡斐,0.4950150232161832
殷仲翔,殷仲翔,胡斐,1.1620249501171485
马春花,马春花,胡斐,2.892281346730813
熊元献,熊元献,胡斐,0.6716548570780965
范帮主,范帮主,胡斐,0.4946141370924161
欧阳公政,欧阳公政,胡斐,0.34759864787502504
聂钺,聂钺,胡斐,0.3064855602403236
马行空,马行空,胡斐,1.6330067199269238
王剑杰,王剑杰,胡斐,1.1386194452897838
胡一刀,胡一刀,胡斐,1.1316105188848375
桑飞虹,桑飞虹,胡斐,0.755356639533973
福康安,福康安,胡斐,3.595103176118038
倪不小,倪不小,胡斐,0.5254790209364103
秦耐之,秦耐之,胡斐,0.83635403504365
程灵素,程灵素,胡斐,5.18071233511998
王剑英,王剑英,胡斐,1.9163914030793967
王师兄,王师兄,胡斐,0.22464963039967495
刘之余,刘之余,胡斐,0.20708371656808644
蒋调侯,蒋调侯,胡斐,0.1891065793624284
刘元鹤,刘元鹤,胡斐,0.8074891985557963
杨宾,杨宾,胡斐,0.4867874863062095
蓝秦,蓝秦,胡斐,0.23077377416523598
蔡威,蔡威,胡斐,0.47285458582710194
杜希孟,杜希孟,胡斐,0.3240483967972815
胡大哥,胡大哥,胡斐,1.758649269394079
刘鹤真,刘鹤真,胡斐,0.7616340726007151
王掌柜,王掌柜,胡斐,0.19600024423865872
胡斐,胡斐,胡斐,12.750153191829545
齐伯涛,齐伯涛,胡斐,0.2878595823601642
李廷豹,李廷豹,胡斐,0.26039681420424204
薛鹊,薛鹊,胡斐,0.9095968796471283
上官铁生,上官铁生,胡斐,0.37660342554564635
倪不大,倪不大,胡斐,0.5254790209364103
蛇皮张,蛇皮张,胡斐,0.18078196267884059
王老六,王老六,胡斐,0.1783054792868551
海兰弼,海兰弼,胡斐,0.9455792356038893
王铁匠,王铁匠,胡斐,0.2942174708915475
何思豪,何思豪,胡斐,0.5345204243587954
补锅匠,补锅匠,胡斐,0.4604609764156843
木文察,木文察,胡斐,0.2124575481377436
南仁通,南仁通,胡斐,0.2883100370357965
南兰,南兰,胡斐,0.331179237418261
曾铁鸥,曾铁鸥,胡斐,0.8042370729000321
曹猛,曹猛,胡斐,0.22820138718173094
曹云奇,曹云奇,胡斐,1.2158454443183593
静智大师,静智大师,胡斐,0.17047865361035236
司徒雷,司徒雷,胡斐,0.1703974324199465
袁紫衣,袁紫衣,胡斐,2.2544031725359557
易吉,易吉,胡斐,0.3196476149276689
陶百岁,陶百岁,胡斐,0.7153021551340956
琴儿,琴儿,胡斐,0.3620988129714713
无青子,无青子,胡斐,0.42162741126851155
吕小妹,吕小妹,胡斐,0.49809076257615115
陶子安,陶子安,胡斐,0.8545735108412839
陈高波,陈高波,胡斐,0.2878595823601642
褚轰,褚轰,胡斐,0.22720129157393373
陈禹,陈禹,胡斐,0.9131413838213486
西灵道人,西灵道人,胡斐,0.24796760235653653
中年武师,中年武师,胡斐,0.31057259049132485
文醉翁,文醉翁,胡斐,0.407384466305897
周云阳,周云阳,胡斐,0.6776935588075054
任通武,任通武,胡斐,0.2448033392780603
田归农,田归农,胡斐,2.1157787421770546
田青文,田青文,胡斐,0.8293077076474001
周隆,周隆,胡斐,0.22911600687629868
哈赤大师,哈赤大师,胡斐,0.26433365969115463
慕容景岳,慕容景岳,胡斐,0.9275642950976324
汪铁鹗,汪铁鹗,胡斐,1.0215141015269413
商宝震,商宝震,胡斐,1.8886671387505556
商老太,商老太,胡斐,1.7487836569804858
大智禅师,大智禅师,胡斐,0.4919667816709369
徐铮,徐铮,胡斐,2.0538003580718045
